"Sosyal mesafe (izolasyon), baþkalarýyla etkileþimlerimizi, çalýþma biçimlerimizi ve iliþki kurma yöntemlerimizi deðiþtirdi. Evden çalýþmaya alýþýk olan birçok kiþi için, yalnýz yaþamak günlük rutinleri sürdürmek açýsýndan önemli bir engel oluþturmaz; zira yalnýzlýk onlar için zaten büyük bir kaygý sebebi deðildir."
Ancak birçok insan için, özellikle stres ve belirsizlik zamanlarýnda, diðer insanlardan uzak kalmak olumsuz bir yalnýzlýk duygusu yaratabilir. Bazýlarý yalnýzlýktan keyif alýrken, diðerleri için sürekli bir sosyal çevrenin eksikliði duygusal bir savaþa yol açabilir ve çeþitli zorluklar doðurabilir.
Eðer kaliteli zamaný yalnýz geçirmeye alýþýk deðilseniz, sosyal izolasyon zihinsel saðlýðýnýzý olumsuz etkileyebilir. Ancak iyi haber þu ki, yalnýzken kendinizi motive edebilecek ve mutluluðu yakalayabilecek çeþitli yöntemler mevcut. Aslýnda sosyal izolasyon, düþünüldüðü kadar korkutucu bir durum deðildir.
Beyniniz yalnýzlýk hissinin girdabýna düþtüðünde, arkadaþlarýnýz ve sevdiklerinizle çevrili olduðunuz anlarda neden daha mutlu olduðunuzu ve nasýl düþündüðünüzü çözmeye çalýþýrken kendinizi yalnýz hissedebilirsiniz.
Tarih boyunca pek çok düþünür, yalnýzlýkla baþa çýkmanýn önemini vurgulamýþtýr. Örneðin, Michel de Montaigne þöyle demiþtir: “Dünyadaki en büyük hüner, kendine nasýl sahip olunacaðýný bilmektir.”
Yalnýzlýk, hayal gücünü teþvik eder ve soyut düþünceyi besler. Ayný zamanda hareketlerimizi planlama ve vicdanýmýzý geliþtirme konusunda bize güç verir. Ancak, Psikanalist Donald Winnicott’un belirttiði gibi, bu “yalnýz kalabilme kapasitesi” gerektirir.
Medaille Koleji’nde yalnýzlýk üzerine araþtýrmalar yapan Psikanalitik bir politik teorisyen olan Matthew Bowker þöyle diyor: “Bu kapasiteye sahip olmanýz gerekir: destek olmadan da hayatta kalabileceðinizi, iyi olabileceðinizi bilmek…” ve ekliyor: “Diðer bir deyiþle, yalnýz kaldýðýnda zengin kiþisel deneyimler yaþayabilen bir kiþi, yalnýzlýk hissini çok daha az deneyimler.”
Bu yalnýzlýk duygusunu kabullenerek ve yaþadýðýnýz deneyimleri yöneterek, günlük rutinlerinizi yalnýz baþýnýza daha pozitif bir biçimde yaþayabilirsiniz. Aksine, eðer bunu acý, can kaybý, hüzün veya amaçsýz bir tecrit olarak görüp inanýyorsanýz, yalnýzlýðý olumsuz bir þekilde deneyimleyebilirsiniz.
"Filozoflar, yýllar önce yalnýzlýk ile tek baþýna kalma arasýnda önemli bir fark olduðunu belirtmiþlerdir. Alman ve Amerikan kökenli filozof Hannah Arendt, “Zihin Hayatý” isimli eserinde þunlarý ifade etmiþtir: “Düþünmek, varoluþsal açýdan bakýldýðýnda, yalnýzca yalnýz yapýlabilen bir faaliyettir; tek baþýna kalmak, bulunduðum ortamda kendimi yalnýz hissettiðim bir insan durumudur. Ancak yalnýzlýk, çalýþtýðým ortamda kendimi sürdüremediðim zaman meydana gelen bir durumdur.”"
Kendinize þu sorularý yöneltin: Hayatýmda gerçekten önem verdiðim þey nedir? Daha fazlasýna ihtiyacým olan nedir? Yapmam gereken nedir? Sýradaki adým ne olmalý? Bu sorular, kendinizi daha iyi tanýmanýza ve geleceðiniz için önemli olanlarý belirlemenize yardýmcý olabilir.
Zihninizi ve vücudunuzu saðlýklý tutmayý öðrenin. Beyninizi dinlendirmek için vücudunuza, düþüncelerinizi düzenlemek için de duygularýnýza ihtiyacýnýz var. Kendinizi gereksiz sohbetlerle, sizi daha da kötü hissettiren ve yalnýzlaþtýran dramatik hikayelerle ve haberlerle yormayýn.
Heather Havrilesky þöyle diyor: “Hiçbir þeyden kaçmanýza gerek yok. Anlamanýz gereken en önemli þey bu. Burada yaþananlardan kaçmak yerine, burada olan biteni anlamaya çalýþmalýsýnýz.”
Bu zor zamanlarda, tutkularýnýzý serbest býrakýn. Kendinizi korumak için içe kapanmak iyi bir yöntem olsa da, hoþunuza gidecek þeyler yapmak için mükemmel bir fýrsattýr ve uzun günleri daha keyifli hale getirecek aktiviteler bulmak en iyisidir.
Bir bulmaca tamamlamayý tercih edebilirsiniz. Ýlgi alanlarýnýza yönelik bir günlük ya da blog yazmaya baþlayabilirsiniz. Þiir yazabilir ya da okuyabilirsiniz. Duolingo ya da benzer bir uygulama indirerek kendi kendinize yeni bir dil öðrenmeye baþlayabilirsiniz. Ayrýca, yeni yemek tarifleri piþirmeyi öðrenebilirsiniz. Sevdiðiniz kitaplarý ya da dergileri okuyabilirsiniz. Zor zamanlarda bile minnettar olduðunuz þeyleri listeleyerek bir þükran günlüðü tutabilirsiniz. Ailenizle birlikte bir kitap yazmayý düþünebilirsiniz. Örneðin, sanal bir müze turuna çýkabilirsiniz. YouTube’dan yeni bir yetenek edinebilir veya kariyerinize katký saðlayacak bir kursa katýlabilirsiniz.
Yalnýz olduðunuz zamanlarda, hoþlandýðýnýz bir rutini devam ettirmek önemlidir. Yalnýz hissedebilirsiniz, fakat sosyal çevrenizle iliþkinizi sürdürdüðünüzde, ailenizle iletiþim kurduðunuzda ve çevrenizdeki insanlarla baðlantý kuran, sizi en iyi þekilde ifade eden bir hobi edindiðinizde, gerçekte yalnýz olmadýðýnýzý anlarsýnýz.
Baðlantýda kalmak, her zamankinden daha fazla önem kazanmýþtýr. Mutlu olmak yalnýzca bir kiþisel baþarý deðil, ayný zamanda kendiniz ve sevdikleriniz için zihinsel, sosyal ve duygusal iyilik hali yaratma çabasýdýr.
Unutmayýn, yalnýz kalmak ile yalnýz olmak farklý þeylerdir. Bunlarý birbirine karýþtýrmayýn. Ve yalnýz olduðunuz için asla piþmanlýk duymayýn!
Duygusal iliþkilerinde iyi olmak senin nasýl bir lider olacaðýný þekillendirir.Bu konu çok heyecanlý benim için. Çünkü hiç þirket kültüründe çalýþmasam da sürekli liderlikle ilgili kitaplarý merakla okudum. Brene Brwon’un kýrýlganlýðýnýzý göstermeye cesaret edin demesini çok seviyorum. Liderlere sesleniyor çünkü. Göz önünde olan ve yaptýðý þeylerle insalara ilham olan insanlar.
"Bir yandan da liderlik etme fikri çok hoþuma gidiyor; insanlarýn potansiyellerine destek olma ve senden daha uzaða gidebileceklerini görmek. Liderlik deyince herkes büyük büyük iþler yapmaktan bahsediyor. Bilmem þu þirketin bilmem þu ekibinin liderliðini yapýyorum. Beni duy ben çok önemliyim diyor sanki insanlar. En azýndan benim kulaðýma böyle geliyor."
Kendi danýþmanlýk þirketimi kurduðum için tek baþýma çalýþýyorum senelerdir. Ýþleri büyütüp ekip arkadaþlarým olursa ileride oldukça rahat edeceðimi düþünüyorum. Tabi ki bilgi ile tecrübenin farklý olmasý açýsýndan bu konuda öðrenmeye çok açýðým.
Bir senedir erkek arkadaþýmýn lider olmasýný gözlemliyorum. Aslýnda okuduðum tüm kitaplarýn nasýl iþime yaradýðýný onunla konuþurken farkettim ve sonra iliþkimizle onun yaptýðý liderlik arasýnda baðlantýlar bulmaya baþladým. Duygusal iliþkilerde sanýyoruz ki daha kýrýlgan yanlarýmýz var. Aslýnda ikili iliþkilerde de bir ekip oluyorsun. Ve ekibindeki diðer kiþiyi gözetmen ve onun geliþimine destek olmalýsýn. Onu bir yerlere çekmeye çalýþmak deðil ama içindeki potansiyeli ortaya koyabilmesi için ortam hazýrlamalýsýn.
Bizim en çok yaþadýðýmýz sorun delegasyonla sorumluluk almanýn farklý þeyler olmasýydý. Mesela ben diyetisyenim ve yemek konusunda saðlýklý seçimleri ben ayarlýyorum. Ama o kadar yoruluyorum ki bazen kendi yemeðimi bir baþkasý seçsin istiyorum. Bu tarz durumlarda yemeðin sorumluluðunu erkek arkadaþýmýn almasý bana çok iyi geliyor. Ama ben þu yemeði yap, çamaþýrlar yýkanmalý demiyorum. Kendiliðinden yapýlmasý gereken iþler konusunda sorumluluk alýyor. Çünkü ortak bir hedefimiz var, evin derli toplu durmasý ve bize çalýþacak saðlýklý bir ortam yaratmak.
"Kadýn liderlerin erkek gibi davrandýðýný duyuyor ve okuyorum. Aslýnda kadýn veya erkek özelliklerinin tamamen yansýttýðýmýz bir durum deðil liderlik. Liderlik; duygularýn gözardý etmeden insanýn büyümesine katký sunacak þekilde ortam yaratmak ve akýlcý çözümleri bir araya getirebilmek."
Sanýrým en çok zorlandýðýmýz konu her þeyin bizle ilgili olduðunu sanmaktý. O gün kötü hissediyorsa ben de kötü hissediyordum. Her þey benimle baðlantýlý gibi düþünüyordum. Baðýmlý bir iliþki modelinde gördüðümüz bir özelliktir bu ama toplantýlarda insanlarýn ekip arkadaþlarýna nasýl baðýmlý bir iliþki içerisinde gibi davrandýðýný görünce çok þaþýrdým. Ýnsanlar ekiplere heybesinde olanlarla gelir. Yeni bir kiþilik yaratamazsýnýz. Ýþinde bambaþka insan olmasýný beklemek bir yanýlsamadýr.
“Tik-tak-tik-tak” diye çalan bir saatin fon müziðinde yaþýyorum hayatýmý. Nereye gideceðini bilemez halde, kafasý karýþmýþ, korkmuþ… bu nedenle de olduðu yerde kalýp endiþeli bir þekilde saða sola bakan biriyim ben. Oysa ne severdim durup zamaný dinlemeyi. Eski masum alýþkanlýklarýmdan eser yok þimdi, tek yapabildiðim endiþe-korku-merak üçgeninde savrulmak.
Sabah uyanýp biraz temiz hava alabilme gayesiyle otobanýn yanýndaki evimin balkonuna çýktýðýmda yolda sýra halinde dizilmiþ arabalarý görür ve onlar için üzülürüm. Her sabah ayný muhabbet! Trafikte arabaný sür, iþine yetiþ, emeðinin karþýlýðý olmayan bir paraya çalýþ, her þey yolundaymýþ gibi yap ve korktuðunu asla belli etme.
Bin bir gayretle gittiðin iþ yerinde nihayet masana oturdun ve mesain baþladý. Tonlarca mail, bir türlü bitmeyen iþler, yetiþmeyen deadline’lar… hepsine yetiþmek için özenli bir çaba gerekiyor. Bu esnada su gibi akýp giden zaman sinsi bir gülüþ atýp asla istediðin yere zamanýnda ulaþamayacaðýný söyler gibi bakýyor. Sahi, nereye yetiþmeye çalýþýyordun? Sen bu sorunun cevabýný düþünürken biz devam edelim konuya, ne de olsa zaman geçiyor, beklemeye gelmez.
Pek çok sýkýcý iþin arasýnda kaybolup gitmiþken zaten daðýnýk olan kafaný biraz daha daðýtabilmek için Instagram’a giriyorsun. Sabah istediði saatte kalkýp sporunu yapan, saðlýklý bir kahvaltý hazýrlayýp ardýndan aþýrý pahalý kahve makinesinden kendi kahvesini yapan ve nihayet güne hazýr olan insanlarýn hayatlarýný izliyorsun. O sýrada masanda yarýsý yenmiþ biraz da susamlarý dökülmüþ simidin ve karton bardakta bir yudum içilmiþ ekstra zararlý granül kahven sana buruk bir bakýþ atýyor. O an ne hissedeceðini düþünemeyecek kadar yoðun olduðun için dönüyorsun iþinin baþýna.
Çocukken kurduðun masum hayaller, ideallerin, ilgi alanlarýn… hepsi zaman içinde savrulup giden bir toz zerresinden farksýz. Arada bir aklýna geliyor yapmak istediklerin ama bu yoðun iþ-hayat dengesinde bunlara zaman ayýrmak oldukça zor. Öte yandan her gün sosyal medyalarda hayatlarýna tanýk olduðun insanlar bir þeyler baþarýyor. Ýlgi alanlarý üzerine gidiyorlar, geziyorlar, yiyip içiyorlar ve “bunu sen de yapabilirsin” diyerek umut vadediyorlar. Hafta sonlarý kendine bile vakit ayýramazken “þunu da yapayým, bunu da yapayým” dediðin iþler gözünde büyüyor ve günün sonunda hiçbir þey yapmayýp telefon ekranýna bakarak bir gün geçirmiþ oluyorsun.
Çok mu umutsuz konuþtum? Þu kýsacýk hayatlarýmýzda karþýmýza çýkan milyonlarca seçenek var. Bu seçenekler arasýndan kendimize en uygun olaný alýp ilerleyebilme lüksümüz var ama biz biraz aç gözlüyüz, her þeyi yapmak ve bunlarý ayný anda yapmak istiyoruz. Bir de üstüne, bu milyonlarca seçenek arasýnda ne istediðimizi bilemez halde kaybolup gidiyoruz. Renata Salecl “Seçme Ýkilemi” kitabýnda sürekli artan olasýlýklarýn insanlarý içten içe kaygýya soktuðunu, çok fazla seçeneðin bizleri daha fazla tatmin ettiðine kendimizi inandýrmaya çalýþtýðýmýzý söylüyor. Devam eden bölümde Barry Schwart’dan alýntý yaparak daha az seçime maruz kalan insanlarýn daha memnun olduðuna yönelik yapýlan psikolojik araþtýrmalara yer veriyor.Bunca seçenek arasýnda dýþ ortamdan etkilenmeyip kendi iç sesimizi dinleyerek bir tercih yapabilmek çok da mümkün olmadýðý için kaygý, yetersizlik ve yetiþememe hissiyatý oluþuyor. Son yýllarda kaybettiðimiz zamanýn içinde kaybolup sýkýþmýþ hissetmek artýk ortak insani bir deðer haline dönüþtü.
"Bu konuda Sinan Canan’ýn çok güzel bir tavsiyesi var. Ýzlediðim bir videosunda Nietzsche’den alýntý yaparak þunu tavsiye ediyor; “Nasýlýna bakmadan ne istediðini düþün. Hedeflerin, niyetlerin ne? Bunlarý nasýl yapacaðýný düþünme çünkü sen gerçekten bunu yapmaya niyet edersen hayat nasýlýný halleder.” Bu belki sandýðýmýz kadar kýsa bir sürede gerçekleþmez ama günün sonunda mutlaka gerçekleþir. Nietzsche günümüzde yaþasa bu sözü söyler miydi emin deðilim. Günümüzde yaþam o kadar hýzlý bir hal aldý ki bir saniye içinde dünyanýn öbür ucunda yaþayan birinin neler yaptýðýndan kolaylýkla haberdar olabiliyoruz. Teknoloji bu kadar ilerlememiþken býrak dünyanýn öbür ucunu, 20 km ötemizde neler olduðunu öðrenebilmemiz için günler geçmesi gerekiyordu."
Eh, bizler dünyadan bu kadar haberdar olabiliyorken “her þeyi yapabileceðimiz” düþüncesi de bilincimize ilmek ilmek iþlendi. Renata Salecl “kitleler sahiden mutlu olduðunda, kapitalizm temellerinden sarsýlýr.” diye eklemeyi de ihmal etmiyor kitabýnda. Bizlere toksik verimliliði ve çýlgýn tüketimi aþýlayan sosyal medya kanallarý kapitalist düzenin de en büyük öncülerinden biri haline geldi. Tüm bu simülasyonda birer piyon olarak bizler kaygý, korku ve yetersizlikle aldýðýmýz kararlarýn bize ait olduðuna inandýrýlýyoruz. Düþünmeden aldýðýmýz o ayakkabý, bir hevesle baþladýðýmýz keman kursu, saðlýklý yaþamak için aldýðýmýz spor ve saðlýklý beslenme kararlarý bu nedenle çok kýsa sürede eriyip gidiyor. O ayakkabýyý en fazla 5 kere, keman kursuna 4 ders, saðlýklý yaþama düzenine ise en fazla 3 gün uyum saðlayabiliyoruz. Çünkü aldýðýmýz kararý içselleþtirip kendimiz almýyoruz, çevremizden görüp etkilenerek, sýrf biraz daha uyumlu ve yeterli hissedebilmek için yapýyoruz bunlarý.
Salecl, “Seçim gayet bireysel bir mesele gibi görünüyor olsa da, insanlarýn seçim yapma þekli baþkalarýyla kurduklarý iliþkilerle ve baþkalarýnýn onlarý nasýl gördüðüne dair düþünceleriyle esastan baðlantýlýdýr. … yaptýklarý seçimler toplumun neye doðru seçim olarak deðer verdiði konusundaki algýlarýna fazlasýyla baðlýdýr.” diyor. Dýþ ortamýn etkilerinden arýnmak imkansýza yakýn görünüyor çünkü aslýnda olaylarý nasýl algýladýðýmýz, hislerimiz, deðerlerimiz, düþüncelerimiz bu zamana kadar çevremizle kurduðumuz etkileþimin bir sonucudur. Bu noktada insanýn dýþ ortamýn sesi ile kalbinden gelen sesi ayýrt edip gerçekten ne istediðini bilmesi önem arz etmektedir. Bu kaygý dolu seçim yapma sürecini tamamladýktan sonra sýra tercihlerimiz sonucunda niyet ve hedefleri belirlemeye geliyor.
Eðer ben gerçekten istediðim þey konusunda diretir ve uðrunda emek harcarsam bir þekilde karþýlýðýný alacaðýmý bilmek içimdeki umutlu çocuðu çok mutlu ediyor. Bu telaþ çaðýnda niyetlerim doðrultusunda minik hedefler koyarak ilerlemek ve daha bugünden yarýný beslemek mantýklý bir yol gibi görünüyor. Örneðin bir gün çok satan bir kitabýn yazarý olmak istiyorsam bugün düzenli yazý yazmalý, hayatý gözlemlemeli, kendimi dinlemeliyim. Bu basit adýmlarý düzenli olarak gerçekleþtirirsem belki de ileride gerçekten hayal ettiðim romaný yazabileceðim. Belki zaman içerisinde fikrimi deðiþtirip roman yazmaktan vazgeçeceðim ama o zamana kadar her gün yaptýðým pratiklerimle kendimi beslediðim için baþka bir hayalimi gerçekleþtirebileceðim. Bu ihtimallerin sürprizlerle dolu olmasý da ayrý bir heyecan sebebi.
Öte yandan, pandemiden sonra etkilerini iliklerimize kadar hissettiðimiz toksik verimlilik hali bizi ayný zamanda birden fazla konu üzerinde uzmanlaþmak için dürtmeye devam edecektir. Bunun yanýnda her zaman olduðu gibi kaygýyý da beraberinde getirecek ve “acaba yanlýþ mý yapýyorum?”, “herkes bir þeyler baþarýyor, ben olduðum yerde kaldým” düþünceleri içinde saatin tik-tak sesleri kulaðýmýzda çýnlamaya baþlayacaktýr. Bu süreçte zamaný kaybedilecek bir þey olarak görmekten çýkýp sevdiðimiz iþlerle meþgul olarak vakit geçirmek atýlacak adýmlardan biri olabilir.
Telaþa kapýlýp seçenekler arasýnda kendine yabancýlaþmak yerine bir durmalý insan. Önce kendini sonra çevresini fark etmeli. “Bu ortamda ben ne yapýyorum?”, “bu benim amaçlarýma hizmet ediyor mu?”, “kendi varlýðýmý olduðum gibi burada ortaya koyabiliyor muyum?”, “yoksa ben bu simülasyonun bir parçasý haline gelip kendime mi yabancýlaþýyorum?” diye sorabilmeli kendine. Cevap verirken bahanelerin ötesine geçilen noktada kendimize bir adým daha yaklaþmýþ olacaðýz. Belki de sürekli yakalamaya çalýþtýðýmýz ama asla yakalayamadýðýmýz zamanýn peþinde koþmayý býrakýp, o “an”ý yaþamaya odaklanabileceðiz. Ve böylece “saat kaç” diye sorduðumuz soru zamaný yakalamak için deðil o aný öðrenmek için sorulan masum bir soru haline gelecek.
Günümüzde farklýlýk, çeþitlilik, kapsayýcýlýk ve eþitlik kavramlarý giderek daha fazla önem kazanýyor. Ancak, bu kavramlarýn ne anlama geldiði ve nasýl içselleþtirilebileceði konusu genellikle yeterince ele alýnmýyor. Ýnsanlarýn bu kavramlarý bilinçli bir þekilde öðrenmeleri, çocukluk ve gençlik dönemlerinde empatiyle içselleþtirmeleri ile olabilir. (Belki) Z kuþaðýný kapsam dýþý býrakýrsak geri kalanlarýn bu þansý yeterince olmadý.
Empati, bu sürecin temel taþýdýr. Empati, baþkalarýnýn duygularýný ve onlarýn bakýþ açýlarýný anlama yeteneðidir. Ancak, empati öðrenilebilir deðil kazanýlabilir bir olgu ve zamanla içselleþtirilmelidir. Küçük adýmlarla baþlayarak, her biri farklý bir bireyin deneyimine dokunan adýmlar atýlmalýdýr. Ancak, bu deðiþim sadece özel günlerde yapýlan hatýrlatmalarla veya yüzeysel uygulamalarla olmamalý. Bu kavramlarýn günlük yaþamýn bir parçasý haline gelmesi ve sonuç olarak iþ kültürümüzde yer bulmasý için sürekli bir çaba sarf edilmelidir. Örneðin, ilk adým engelli bireylere daha fazla fýrsat verilmesi saðlanmasý yasal bir zorunluluk deðil doðal bir refleks gibi olmalý. Sonrasýnda ise nöroçeþitlilik ile ilgili farkýndalýk artýrýlabilir. Otizm spektrum bozukluðu, dikkat eksikliði ve hiperaktivite bozukluðu, disleksi, obsesif-kompulsif bozukluk gibi nörolojik durumlarla yaþayan bireylerin yeteneklerinin tanýnmasý ve organizasyonlarýmýzda deðerlendirilmesi için çeþitli projeler geliþtirebilmeyi konuþabiliriz.
Bu süreç, her bireyin aktif katýlýmýyla gerçekleþmelidir. Herkes, farklýlýklarý kucaklayan bir ortamýn oluþturulmasýna katkýda bulunabilir. Ancak, bu deðerlerin gerçek anlamýný kavramak ve içselleþtirmek zaman alabilir. Bu nedenle, küçük adýmlarla baþlayarak, her birimizin bu deðerlere uygun davranýþlar sergilemesi ve bu deðerlerin günlük yaþamýmýzýn bir parçasý haline gelmesi için çaba göstermemiz gerekmektedir. Empati odaklý bireysel bir deðiþim hedeflenmedikçe, kurumsal hedefler ve deðiþimler “zorlama” olarak özel günlerde karýþýmýza çýkacak. Amaçlanan etki beklenen bir verimle alýnamayacaktýr. Nadiri kucaklamalý, farklýlýklarýmýzla mutlu olmalý, çeþitliliðimizi ayýrmadan kapsamalýyýz ki daha eþit, adil ve en önemlisi özgür bir yaþam alaný yaratabilmeyi baþarabilelim.
Fikirlerin eleþtirilmesi bu fikire sahip olan insanlarýn eleþtirilmesi midir? Ýnsanlar fikirlerinden dolayý eleþtirilebilir mi? Ýnsanlarý eleþtirmek onlara saygý duymadýðýmýz anlamýna gelir mi? Bu sorularý düþünürken Ýonna Kuçuradi’nin bir röportajýna denk geldim. Röportajýn bir bölümünde ‘ Fikirler saygý konusu deðildir. Ýnsanlar saygý konusudur. Fikirler deðerlendirme konusudur’ sözüne dikkatimi çekti. Baðlamýndan kopmamasý için röportajýn o kýsmýný koymaktansa tamamýný koymayý tercih ettim.
"Toplumlar tarih boyunca çeþitli fikirler, inançlar ve ideolojiler etrafýnda þekillenmiþ ve geliþmiþtir. Bu fikirlerin bazýlarý zaman içinde büyük kabul görmüþ, bazýlarý ise eleþtirilere maruz kalmýþtýr. Ancak tüm bu süreçte unutmamamýz gereken temel bir prensip vardýr: Fikirler saygý konusu deðildir, insanlar saygý konusudur. Fikirler, tartýþýlabilir ve eleþtirilebilir olmalýdýr. Fikirlerin sorgulanmasý, onlarý daha saðlam ve tutarlý hale getirir. Özgür düþünce ve eleþtiri kültürü, bilimsel ilerlemenin, toplumsal geliþimin ve bireysel aydýnlanmanýn temel taþlarýdýr. Eðer fikirleri kutsallaþtýrýr ve eleþtiriden muaf tutarsak, düþünsel durgunluk ve dogmatizmin kapýlarýný aralamýþ oluruz. Örneðin, bilimsel bir teori yanlýþlanabilir ve yeni bulgular ýþýðýnda deðiþtirilebilir. Tarih boyunca birçok bilimsel teori, daha saðlam ve kapsamlý teorilerle yer deðiþtirmiþtir. Bu, bilimin doðasýnda olan bir süreçtir ve bilgiye ulaþmanýn en güvenilir yoludur. Diðer yandan, insanlarýn saygý görmesi ise insan haklarýnýn temelidir. Her birey, inançlarý, düþünceleri ve yaþam tarzý ne olursa olsun, doðuþtan gelen onur ve deðeri nedeniyle saygý görmeyi hak eder. Ýnsanlara saygý göstermek, onlarýn fikirlerini benimsediðimiz anlamýna gelmez; aksine, onlarýn varoluþlarýný ve insanlýklarýný tanýdýðýmýz anlamýna gelir. Ýnsan haklarýna saygý, herkesin özgürce düþünme, ifade etme ve yaþam tarzýný seçme hakkýný içerir. Bu haklar, demokratik toplumlarýn temelini oluþturur ve toplumsal barýþýn sürdürülmesinde kritik bir rol oynar. Fikir ayrýlýklarý kaçýnýlmazdýr; ancak bu ayrýlýklarýn insanlar arasýnda düþmanlýk yaratmamasý, saygýnýn korunmasýyla mümkündür. Fikirlerin özgürce tartýþýlabilmesi ve eleþtirilebilmesi, toplumsal ilerlemenin ön koþuludur. Ancak bu süreçte insanlara olan saygýmýzý yitirmemek, toplumsal huzurun ve bireysel haklarýn korunmasý açýsýndan hayati öneme sahiptir. Fikirler deðiþir, geliþir ve evrilir; ancak insanlýk onuru ve bireysel haklar sabit ve dokunulmazdýr. Bu yüzden, fikirleri eleþtirirken insanlara saygýmýzý asla yitirmemeliyiz."
Ýnsanlar nasýl zengin olur? Bu soru ilgimi çekiyor çünkü baþkalarýnýn baþarýlarýndan öðrenilecek çok þey var. Jeff Bezos gibi kiþilerin zenginleþme süreçlerine bakýldýðýnda, otomatik olarak daha fazla bilgi edinilebilir. Ama ben medyada yer almayan insanlardan bir þeyler öðrenmekle daha çok ilgileniyorum. Þehrinizdeki “sýradan” zengin insanlar, ki Park Avenue’daki milyarderler deðil kastým. Bunun nedeni, þehrinizdeki herkes zengin olabiliyorsa, siz de olabilirsiniz. Bu zengin insanlardan ikisini tanýyorum ve onlarý hem arkadaþ hem de akýl hocasý olarak görüyorum kendi açýmdan. Bu yazýda, onlarýn hikayelerini bana anlattýklarý þekilde aktaracaðým. Mahremiyetlerini korumak amacýyla isimlerini deðiþtirdim, fakat hikayenin geri kalaný, zengin olma yolculuklarýnýn gerçek öyküsünü yansýtýyor olacak.
Bu makale, parasal zenginlik elde etmeye odaklanmanýn yollarýný ele alýyor. Zengin olmanýn mutlulukla doðrudan bir iliþkisi olmadýðýný belirtmem gerekiyor elbette. Eðer mutluluk ve para hakkýndaki görüþlerimi öðrenmek istiyorsanýz, bu makaleyi okumanýzý tavsiye ederim. Zengin olmasak da kaliteli bir yaþam sürdürebiliriz. Fakat zenginlerden öðrenilecek dersler varsa, okumaya devam etmelisiniz.
"John, altmýþlý yaþlarýnýn sonlarýna gelmiþ, üç yetiþkin çocuk ve iki torun sahibi bir bireydir. Boþanmýþ ve köpeðiyle birlikte yalnýz yaþamaktadýr. Ayný zamanda, haftada birkaç kez buluþtuðu bir kýz arkadaþý da var. Küçük bir emlak portföyüne sahip (sadece konut) ve ayda birkaç saatini mülklerini yönetmeye ayýrýyor. Çoðu iþi dýþarýdan halletse de, kiracýlarla iletiþimde kalmayý tercih ediyor. Bu nedenle, yýlda bir defa onlarý ziyaret ediyor. Aslýnda John ile böyle tanýþtým; o eskiden benim ev sahibimdi. Onun iyi bir insan olduðunu düþünüyordum ve ondan öðrenebileceðim þeyler olduðuna inanýyordum. Hayatý gerçekten güzel: çalýþmak zorunda deðil, geniþ bir evde yaþýyor, çocuklarý ve torunlarýyla zaman geçiriyor ve hava güzel olduðunda teknesi ile deniz açýlýyor zaman zaman. Ona nasýl baþladýðýný sorduðumda “Hayatým her zaman böyle geçmedi,” dedi. Babasýnýn maddi durumu iyiydi fakat zengin sayýlmazdý. John’un bazý avantajlarý olmasýna raðmen, zengin bir ailede doðmamýþtý açýkçasý. Üniversiteyi bitirdikten sonra birçok farklý iþte çalýþtý ve kendi iþini kurmanýn gerekliliðini fark etti. O zamanlar evliydi ve bir çocuðu vardý, ancak bu onun önünde bir engel teþkil etmedi. Bir eðitim ve geliþtirme þirketi kurarak, liderlik, iletiþim, satýþ, takým çalýþmasý gibi çeþitli konularda iþletmelere seminerler düzenledi. Sonrasýnda, bu iþi yürütmek üzere eðitmenler iþe aldý. Þirketi kurmak için neredeyse yirmi yýlýný harcadý. “Her zaman iþteydim ve bundan daima zevk aldým. Fakat çocuklarýmýn çocukluklarýnýn büyük bir kýsmýný kaçýrdým.” Ama yine de çok çalýþma kararýndan piþman deðildi. O, bunu zengin olmanýn bedeli olarak görüyor. Kendi iþini kurdu ve iþ imkanlarý yarattý. Çocuklarý iyi durumdalar; üniversite eðitimi aldýlar, ikisi iyi iþlere sahip ve biri kendi baþarýlý iþini yönetiyor. Çocuklarýnýn ve torunlarýnýn hayatý þimdi daha iyi. Ancak, büyüdüklerinde babalarýnýn yanlarýnda olmamasýndan pek memnun deðillerdi."
"Ýþte o, kýrklý yaþlarýnda böylelikle zenginliðe ulaþtý. Daha sonra, birkaç yýl boyunca geçici yönetici olarak görev yaptý. Sorunlu þirketleri ziyaret edip onlarý iyileþtirmeye çalýþtý. Ancak, zamanla bu iþten de sýkýldý ve bir daha yeni bir iþe girmedi. Yýllar içinde, þu an yaklaþýk yirmi birimden oluþan bir emlak portföyü geliþtirdi. Ýþini satýp daha fazla gelir elde ettikten sonra, bugün hala dahil olduðu bir gayrimenkul yatýrým ortaklýðýna katýldý. Teknesi ve sanat eserleri koleksiyonuna olan düþkünlüðü dýþýnda, gösteriþsiz bir yaþam sürüyor ve yýllardýr ayný station wagon aracýný kullanýyor. Onun varlýðýnýn ne kadar olduðunu asla sormadým, ancak portföyünü ve ortaklýðýný biliyorum; yaklaþýk 3 milyon dolar deðerinde olduðunu düþünüyorum."
John’un hikayesi olaðandýþý deðil elbette. Az birikimle baþlayýp zengin olan birçok kiþinin benzer öyküleri var. Milyoner startup kurucularýnýn ya da Bitcoin spekülatörlerinin baþarý hikayeleri her yerde karþýmýza çýkabilir. Bu durum, zenginliðin sanki bir piyango kazanýmýymýþ gibi olduðunu düþündürüyor. Ancak bu, yanlýþ bir düþünce. Birçok zengin insan için bu, katlanýlmasý gereken bir sýkýntýdýr ve bu sýkýntýnýn bir maliyeti vardýr. Az sayýda insan þans eseri zengin olur. Zengin olmayý arzuluyorsanýz, kendinize þu soruyu sormalýsýnýz: Bu bedeli ödemeye hazýr mýyým? Fakat bir sonraki vaka çalýþmasýyla kýyaslandýðýnda, bu önemsiz kalýyor.
Brian (elli yaþlarýnýn sonunda), tanýdýðým en baþarýlý iþ insanlarýndan biridir. Binlerce çalýþaný olan uluslararasý bir üretim þirketine sahip. Tahminimce Brian’ýn net deðeri yaklaþýk 50 milyon dolar, belki de daha fazla. Bir malikanesi, lüks otomobilleri, yurtdýþýnda tatil evleri ve çeþitli iþ ve gayrimenkul yatýrýmlarý bulunmaktadýr. Kiþisel yaþamý o kadar parlak deðildi. Kýrklarýnýn baþýnda eþini yitirdi ve yakýnlarý bunun onu derinden etkilediðini belirtiyor. Tekrar evlenmesi yaklaþýk on sekiz yýl aldý. Açýkçasý, kiþisel yaþamý hakkýnda çok fazla bilgim yok. Ýþ dolayýsýyla tanýþtýk ve kiþisel meseleler üzerine hemen hemen hiç konuþmadýk. Ayrýca, Brian’ýn bazý arkadaþlarýný da tanýyorum. Filmleri ve arabalarý sevdiðini, ancak spor yapmayý, seyahat etmeyi veya okumayý tercih etmediðini biliyorum. Bildiðim kadarýyla baþka hobileri de yok. Golf oynuyor, ancak bu sadece diðer zenginlerin de oynadýðý içinmiþ gibi görünüyor.
"Brian, iþçi sýnýfýndan gelen bir ailenin tek çocuðu olarak büyümüþtür. Baþarýlý bir mühendislik kariyerini takiben, otuzlarýnýn sonunda kendi üretim þirketini kurmuþtur. Ýþ dünyasýnda oldukça rekabetçi ve agresif bir tutuma sahiptir. Þirketin gelirini beþ yýl içinde sýfýr milyondan on milyona yükseltti. Bu nadiren görülen bir baþarýdýr. Yýlýn her günü çalýþtýðýna (bu bir abartý deðil bu arada) þaþýrmamak gerekir. Arkadaþlarý onun sadece bunu yaptýðýný söylüyorlar. Dünya çapýnda ofisleri bulunuyor ve son beþ yýlda kendi alanýndaki birçok þirketi bünyesine katmýþtýr. Ona yaptýðý iþi neden sevdiðini sorduklarýnda, “Ýþi seviyorum” diye yanýtlamýþtýr. Ýþte bu adam böyle biri; durmadan çalýþýyor. Ancak tamamen kendi çabasýyla buraya gelmedi. Ýþe baþlarken, yatýrým yapan baþarýlý bir mentoru ve iþ ortaðý vardý. Bugün bile hala ortaklar ve bu tür bir destek olmadan bu kadar agresif bir tutum sergileyemezdi."
O, ayný zamanda çatýþmayý seven bir adamdýr. Bir defasýnda, onun piyasadaki baþka bir büyük isimle yaþadýðý bir anlaþmazlýða þahit oldum. Yýllardýr sektörde olan ve o sýralar kendisinden çok daha büyük bir rakip hakkýnda, “Onlar kim olursa olsun, umurumda deðil. Kazanýncaya kadar pes etmeyeceðim.” demiþti.
"Brian’ýn hikayesi artýk daha da zenginleþti. Örneðin, hayýr kurumlarýna cömert baðýþlarda bulunuyor. Ne kadar baðýþ yaptýðýný bilmiyorum; çünkü kendisi bu konuda konuþmaz, bunu baþkalarýndan öðrendim. Bildiðim bir diðer þey ise, çalýþanlarýnýn çoðu yýllardýr onun için çalýþýyor ve o da onlara karþý oldukça iyi davranýyor. Ancak beni en çok etkileyen, zengin olmanýn farklý bir þey gerektirmesidir. Çok az insanýn yaptýðý þeyleri yapmak zorundasýnýz. Brian’ýn John’dan daha büyük bir bedel ödemeye hazýr olduðunu görebilirsiniz. Ancak maddi ödülleri de ona göre daha büyük. Yine de Brian’ý harekete geçirenin bu olduðunu sanmýyorum. O, sadece kazanmayý istiyor."
Bir kitabý bitirdikten sonra ne okuyacaðýma karar verirken, genellikle ikisi arasýnda mantýklý bir baðlantý olmaz. Ýç Savaþ hakkýnda bir tarih kitabýný bitirebilir ve ardýndan uzak gelecekte geçen bir bilim kurgu romanýna baþlayabilirim. Bu durum þovlar ve dizi-filmler için de geçerlidir: En ilgi çekici gelen þeye yönelirim.
"Bir öneri listesi oluþturduktan sonra, içlerinden geçen ortak bir tema olup olmadýðýný gözden geçirmek gerçekten eðlenceli olabiliyor. Bu sefer kesinlikle bir tema var. Yaz okuma listemdeki kitaplar ve diziler, baþkalarýna hizmet etme konusuna; bunu neden yaptýðýmýza, bu süreci zorlaþtýrabilecek etkenlere ve yine de bunu neden sürdürmemiz gerektiðine odaklanýyor. Bunlardan bir tanesi, Vietnam Savaþý’nýn cephelerinde görev yapan Amerikalý hemþirelerin özverilerini anlatan bir roman. Bir baþkasý, dijital çaðda cömertliði teþvik eden ve bunun yollarýný gösteren bir rehber. Diðerleri ise, insanlar arasý baðlarý derinlemesine irdeleyen ve okul öðretmenlerinin öðrencilere desteðinin evrimini ele alan eserler. Hatta listemdeki bir dizi, ülkelerini korumak için çalýþan hükümet görevlilerini merkezine alýyor."
Hizmet fikrinin ayrýntýlarýna dalmak niyetinde olmasam da, bu düþünce bugün her zamankinden daha fazla geçerliliðini koruyor. Savaþlarýn gündemi belirlediði ve siyasetin giderek daha fazla kutuplaþtýðý bir zamanda, baþkalarýna yardým edenleri övmek ve kendi hayatlarýmýzda nasýl daha cömert olabileceðimizi keþfetmek gerçekten ilham verici. Ýþte, her bir giriþ için daha detaylý incelemeler sunan baðlantýlar içeren listem.
"Casus hikayelerine bayýlýyorum. John le Carré’nin birkaç romanýný okudum ve “Casus Oyunu” ile “Akbabanýn Üç Günü” en sevdiðim filmler arasýnda yer alýyor. “Slow Horses” ise en iyiler arasýnda bir yerlere konulabilir. Bu dizi, MI5'ýn kurgusal bir birimi olan Slough House’a atanan ajanlarý anlatýyor; burasý, insanlarýn iþleri kötü yaptýklarýnda gönderildikleri, ancak kovulmayacak kadar da kötü olmayan bir yerdir. Gary Oldman, James Bond’un zýttý olan Slough House’un baþkanýný oynuyor. O, daðýnýk ve alkolik bir karakter ancak beklenmedik casusluk becerileriyle sizi þaþýrtabilir. Le Carré’nin romanlarý gibi, “Slow Horses” da karmaþýk karakterler ve fakat sonunda kanýmca olay örgüsüyle dikkatinizi çekmeyi baþarýyor."
Khan Academy’nin kurucusu Sal Khan, yapay zekanýn yükseliþi öncesinde bile eðitim teknolojisi alanýnda öncülük etmiþtir. Bu nedenle, “Cesur Yeni Sözler”de yapay zekanýn eðitimi nasýl geliþtireceðine dair sunduðu vizyon, saðlam bir temele oturuyor. Sal, yapay zekanýn öðrencilerin baþarýlarýna ve öðretmenlerin deneyimlerine radikal iyileþtirmeler getireceðini ve herkese birinci sýnýf eðitim eriþimi saðlayacaðýný iddia ediyor. Ýnovasyonun bugüne kadar sýnýfta yalnýzca sýnýrlý etkisi olduðunu kabul ederken, yapay zekanýn bu durumu deðiþtireceðine inanýyor. Eðitimin geleceði konusunda Sal’dan daha net bir anlayýþa sahip olan azdýr ve “Cesur Yeni Sözler”i þiddetle tavsiye ediyorum.
David’in önceki eseri ‘Karaktere Giden Yol’ hoþuma gitmiþti fakat bu kitap çok daha üstün. Temel tezi, baþka hiçbir kaynakta rastlamadýðým bir konu: Konuþma ve sosyal becerilerin doðuþtan gelen yetenekler olmadýðý, öðrenilip geliþtirilebileceðidir. Ayrýca, çevrenizdeki insanlarýn kendilerini dinlenmiþ ve deðerli hissetmelerini saðlayabilecek ‘yüksek sesle dinleme’ tekniði hakkýnda pratik öneriler sunuyor. Bir Ýnsaný Nasýl Tanýrsýnýz?, sadece daha iyi sohbetler için bir kýlavuz deðil, ayný zamanda daha baðlantýlý ve insan odaklý bir yaþam biçiminin reçetesidir.
Erteleme savaþý bir iç savaþtýr. Kiþisel hayatýmda bunun birçok örneðine þahit oldum. 2013 yýlýnda kariyerimin en zorlu dönemlerini yaþadým. Bundan iki yýl önce babamla bir þirket kurdum. Ancak iki yýl sonra çok mutsuz oldum çünkü daha fazlasýný yapmak ve daha fazla þey öðrenmek istiyordum. Bu yüzden bir süre serbest çalýþtým. Web siteleri kurdum, metin yazarlýðý, içerik pazarlamasý ve bazý tasarým çalýþmalarý yaptým. Ama yine olmadý. Peki niye? Rahatsýz edici bir iþ de yapmadým. Bunun yerine, bu zor görevlerden kaçmak için yeni bir iþ buldum.
Bir iþ kurmak veya kariyer yapmak zordur. Zor, sýkýcý ve tatmin edici olmayan iþler yapmanýzý gerektirebilir. Daha fazla müþteri veya iþ istiyorsanýz, kimse size hazýr tepside sunmayacaktýr ki acele etmelisiniz ve çok çalýþmalýsýnýz. Ýþinizi büyütmek için içerik pazarlamasý, bire bir satýþ, sosyal aðlarý yada hangi yöntemi kullanmak istiyorsanýz uygulamanýz gerekir. Kurumsal olmak istiyorsanýz, ittifaklar kurmanýz, stratejik olmanýz, hedeflerinizden daha iyi performans göstermeniz ve yaptýðýnýz iþte mükemmel olmanýz gerekir. Yapman gereken þey bu, deðil mi? Çoðumuz zaten bu þeyleri biliyoruz. Deðilse de bunlarý öðrenmeliyiz. Ýþ yerinde baþarýlý olmanýn sýrrý diye bir þey de yoktur esasýnda. Ancak genelimiz iþten kaçmayý tercih ediyoruz. Ve bu kaçýþ benim açýmdan ertelemenin özüdür. Ne yapman gerektiðini biliyorsun, ama yapmýyorsun. Bunun yerine, bir haber sitesi açýp, iþe yaramaz haberleri okumayý tercih ediyorsun. Veya fotoðraflardan çok hoþlanmasan da instagrama göz atýyorsun çünkü hayatýndan nefret ediyorsun. Belki Zara, H&M, Net-A-Porter, Bay Porter veya istediðiniz online maðazalara göz atýyorsun. Bu bir dereceye kadar benim de hayatýmýn bir parçasý. Örneðin, þimdi yeni bir kitap üzerinde çalýþýyorum. Konusuna hakimim ve ayný zamanda bir ünvaným da var yani profesyonelim. Ancak yazý yazmak benim için de çok zor. Bu yüzden rahatlamak için ben de bakarým. E-postalarýmý cevaplar, makaleler okur, kahve içerim, bazen online sitelerden alýþveriþ de yaparým ve iþimi yürütmek için sürekli tekrarlayan benzer iþler yaparým. Bu benim düzensiz olduðum anlamýna gelmez. Çünkü kendi iç düþmanýmla savaþýyorum.
Bugün Yap, Yarýn Deðil! Bunu kendimize sürekli hatýrlatmaya devam etmeliyiz. Ertelediðinizde, her zaman yarýn yapmak istersiniz. Hala öyledir benim içinde. Bence bu bize baðlý deðildir. Þimdi ve üç yýl önce aramýzdaki fark küçük ama basit: Üretken, mutlu ve amaçlý bir hayat yaþamak için sistemli olmaya güveniyor olmam. Eskiden iþleri nasýl halledeceðimi bilemezdim. Her zaman çabucak pes eder, sýkýþmýþ, mutsuz ve sinirli hissederdim. Ama þimdi, zorluklarý aþmanýn bir yolunu buldum.
Egzersiz yapmadýðým zaman huzursuz oluyorum, odaklanma sorunu, enerji ve güven eksikliði duyuyorum. Her gün beynimi ve vücudumu çalýþtýrarak, her zaman iç düþmanla savaþa hazýr oluyorum. Erteleme savaþýnýn üstesinden gelmenin, onunla savaþa giriþmeden baþladýðýný öðrendim. Askerler de eðitimsiz bir þekilde savaþa gitmiyor, deðil mi? Zihinsel ve fiziksel olarak formda olmalýyýz. Her zaman.
"Beynimi ihmal ederdim. Zihinsel olarak zayýfdým, çok düþünürdüm ve kendime güvenmezdim. Aslýnda öyle deðildi! Çünkü becerilerim yoktu. Çünkü olaylarý çözme yeteneðime güvenmezdim. Böylece Stoizm, Pragmatizm ve Farkýndalýk hakkýnda okumaya baþladým; Düþüncelerinizi kontrol etmenize ve zihinsel dayanýklýlýðýnýzý iyileþtirmenize yardýmcý olan herhangi bir þey, kitap vs. Düþüncelerimin kölesi olmak da istemiyorum. Tam tersini istiyorum."
Bugün esaretimin sekizinci ayý. Umarým bu mektubu kimse okumadan yakabilirim. Çünkü kaðýtlara hiç olmadýðým kadar dürüst davranýyorum, özellikle de son zamanlarda. Ýnan, sana olan hayranlýðým zerre azalmýyor. Ýri, kaba ve kalpsiz birkaç adam her gün ziyaretime geliyor. Beni devamlý hislerimi yalanlamaya zorluyorlar. Onlardan korkmuyorum, sadece çektirdikleri ýzdýrap beni çok yoruyor o kadar. Ama cesaretimi de bir türlü dizginleyemiyorum. Onlara durmadan senin benzersiz güzelliðini anlatýyorum. Bazýlarý delirdiðimi zannediyor. Hele bir tanesi var ki öfkesi topuklarýna çýkýyor, onun da sana yanýk olduðuna yemin edebilirim.
"Ýþte bunlar benim için yazýlmýþ sözlerdi. Yýllar önce bir gardiyan öfkesine hâkim olamamýþ ve Carlos'u öldürmüþ. Yazýlan mektup durumu tetiklemiþ olacak ki, katil gardiyan, onu uzun bir süre saklamýþ. Cezasý bitip hapisten çýkýnca da vicdanýndaki aðýrlýðý atamamýþ olacak ki mektubu bana vermiþ. O zamanlar gençtim, zavallý Carlos’un sözlerine pek kýymet vermemiþtim. Tüm ülkede dedikodu malzemesi haline geldiðini hatýrlýyorum. ""Prensese âþýk olmanýn cezasýný çekti."" diye konuþuluyordu Carlos’un arkasýndan."
Ertelemeye yönelik, her insanýn kendine has geliþtirdiði bir mekanizma bulunur. Kendini iyi tanýyan insanlar, ertelemeye çözüm bulma konusunda daha yaratýcý davranýrlar. Ben ise, her ertelemenin biyolojik bir sebebi olduðuna inanýrým. Bu biyolojik sebebi yaratan ve sonuçlara varan psikolojik etkenler ise kiþinin içinde bulunduðu ortama göre deðiþir.
Erteleme eylemi zihinde oluþmaya baþladýðýnda yaþanan hislere yüzeysel olarak sýralayalým: Ýç sýkýntýsý, bezginlik, tembellik, herhangi baþka bir arzu nesnesi, öz güven eksikliði. Farklý kombinasyonlar hâlinde sahip olabileceðimiz bu his gruplarý, yapýlacak eylemin karmaþasýna göre boyut deðiþtirir. Bu karmaþanýn üzerinden gelmek ve eylemi gerçekleþtirebilmek için motivasyona ihtiyaç duyarýz.
Manevi kazanç, çevresel etkenlerle deðiþen / geliþen biyolojik tepkimelerin ardýndan beyninizde oluþan algýnýzý þekillendirme tecrübenize baðlýdýr. Motivasyonun 1'in altýnda olmasý, eylemin ertelenmesine (bahane bulmaya) neden olur. Çoðu zaman, beyniniz sizin için ödül kazanma hissini soyut bir þekilde yaratýr. Yukarýda bahsettiðimiz hisleri farklý kombinasyonlarla deneyimlemenizi saðlar.
Beyindeki tetiklenmelerle oluþan erteleme hissini, ortalama 10 dakika süren “pes ettirmeye çalýþma” süreciyle deneyimlersiniz. Eylemin kendisinden baðýmsýz, bu süreyi eylemi gerçekleþtirmek için pes etmeden kullanabilirseniz, beyniniz sizin için “ödül” hissini oluþturur. Bu his sayesinde, eylemin tamamý için gerekli olan motivasyonu bulursunuz. Eylemin kendisi 10 dakikanýn altýnda biterse, zaten baþardýnýz demektir. Ýnsan psikolojisi manipülasyon üzerine çalýþýr. Bu yüzden, motivasyonun algýsýný þekillendirmek, bakýþ açýnýzý deðiþtirmenizle kolaylaþýr.
“Bir þeyler okuyacaðým” denildiðinde aklýnýza hep “kitap okumak” veya “yazý okumak” gelir. Aslýnda okuma eylemi sadece metin okumayý deðil, ayný zamanda görsel (film vb.) okumayý, bir þeyin anlamýný çözmeyi, yazý dýþýndaki iþaret ve izleri deðerlendirerek yorumlamayý kapsar. Her okuduðunuz þeyin anlamýný kavradýðýnýzý söylemek ise zordur. Çünkü herkesin okuduðu þey kendi anlam kümesinde farklý bir yorum kazanýr. Derin anlam kümelerini yorumlayabilmek ise çok fazla deneyim gerektirir. Zaman içerisinde farklý boyutlardaki anlam kümeleriyle girdiðiniz etkileþimin çeþidine göre kendi anlam kümenizi geniþletme imkaný yakalarsýnýz. Bu çeþitlilik farklý zamanlarda farklý biçimlere bürünerek karþýmýza tekrar çýkabilir.
Türkçede “aydýn”, sýkça “bilgili olan biri” olarak karþýmýza çýkýyor. Halbuki her bilgiyi anladýðýmýzdan bahsedemeyiz. Anlaþýlmayan bilgi ise deðerli sayýlmamalý. Bundan dolayý “okumuþ” anlamýnýn sözlükten kaldýrýlmasý icap eder. Fakat diðer anlamlarda da baðlamsal sorunlar göze çarpar. Mesela “görgülü” ve “kültürlü” bunlardan diðerleri. Bu anlam karýþýklýklarýný gidermek için sadece “anlamak” üzerinden kurulu bir çeviri deðiþikliði, “aydýn” için en geçerli deðiþim olacaktýr. Böylece her önüne gelen kendine “aydýn” demez ve Türkiye’deki aydýnlanma seviyesini mantýklý bir boyutta ölçebiliriz.
Görmeye alýþýk olduðumuz bu projeksiyon (izdüþüm)Merkatör projeksiyonudur. Ýzdüþüme adýný veren Felemenk Haritabilimci Gerardus Mercator, bu haritayý 1569’da hazýrladý. Haritanýn önemli ve popüler olmasýnýn arkasýnda gemicilik açýsýndan oldukça kullanýþlý olmasý var: Kerte hattýný esas alýyor. Kerte hattý, Dünya üzerindeki tüm meridyenleri ayný açýyla kesen bir eðridir ve gemiciler rota hesaplarýnda kerte hattýný esas alýrlar. Mercator projeksiyonu Dünya'yý kerte hatlarýný birbirine paralel düz çizgiler olarak gösterecek þekilde kutuplara doðru artacak þekilde germiþtir ve bu da gemicilere böyle bir haritaya göre hareket ettiklerinde Dünya’nýn þeklinden kaynaklanan hata paylarýný minimize etmelerini saðlar. Baþka bir deyiþle, gideceðiniz yerin Mercator haritasýna göre bulunduðu açýyý belirlerseniz, pusulayý hiç deðiþtirmeden sadece o yönde takip etmeniz yeterli olur. Dünya o sýrada döndüðü için, sabit olan tek yýldýza, yani kutup yýldýzýna göre sabit bir açý belirleyip ilerleseniz de Mercator haritasý bu sapmalarý çoktan hesaba katmýþ olacaktýr.
Açýkçasý Dünya’yý düz bir zeminde göstermek isteyen yani 2 boyutlu olan hiçbir izdüþümün Dünya’nýn gerçek durumunu birebir yansýtmasý mümkün deðildir. Gerardus Mercator’ün de bu haritayý hazýrlarken bu tip bir izdüþüm kullanmasýnda kerte hattýný esas alarak rota hesaplama iþlemlerinde vakit kazanmaktan baþka bir amacý olduðu söylenemez. Ancak 500 yýldýr bu haritanýn zaman zaman siyasi amaçlarla kullanýlageldiði iddia edilmektedir. En azýndan hala bu haritanýn kullanýmýnda ýsrarcý olmanýn…
Her þeyden önce bugün bildiðimiz pek çok harita Avrupa’yý merkeze almaktadýr. Hakikaten de, Dünya küreseldir ve merkez olarak Avrupa’yý seçmenin saðladýðý özel bir avantaj yoktur. Lakin ilk coðrafi keþiflerin avrupalýlarca yapýldýðý ve ilk Dünya haritasýnýn avrupalýlar tarafýndan çizildiði düþünülürse bu haritalarda Avrupa’nýn merkezde yer almasý gayet normal karþýlanabilir. Fakat sömürgeler çaðýnda bu entosantrik -yani bir etnik kökeni daha ön planda veya merkezde tutan durumun- birilerinin iþine yaramadýðý söylenemez: Örneðin “Güneþ’in batmadýðý imparatorluk” söylemlerinin meþhur olduðu dönemlerde Ýngiliz üretimi Dünya haritalarý baþka alternatifleri olmasýna karþýn Mercator izdüþümünden asla vazgeçmemiþlerdir. Ýngiltere’yi ve dominyonlarý olan Kanada ile Avustralya’yý olduðundan daha büyük gösteren, buna keza ekvatora yakýn olan Ýngiliz sömürgelerini gerçeðine uygun -yani görece daha küçük- resmeden, Ýngiltere’yi de Dünya’nýn tam merkezine koyan (0. boylam) Mercator haritalarý Ýngiltere’nin sömürge politikalarýnýn ve yaratmak istediði algýnýn görsel coðrafi zeminini oluþturuyordu. Bu yüzden baþta Ýngiltere olmak üzere geliþmiþ sömürgeci ülkeler, Mercator projeksiyonundan hiç vazgeçmemiþ ve eðitim politikalarýna da kolaylýkla müdahale edebildiði azgeliþmiþ ülkelere bu haritadan bol bol daðýtmýþlardýr.
Tüm sosyalbilimciler bu konuda ayný þeyi düþünmüyor. “Kerte Hattý ve Harita Savaþlarý” adlý kitabýn yazarý Mark Monmonier, Mercator projeksiyonunun emperyalizmin bir simgesi haline dönüþtüðünü kabul etmekle beraber bir haritanýn algý yönetiminde ya da emperyalizmin amaçlarýna ulaþmasýnda abartýldýðý kadar etkili olduðunu düþünmüyor. Dahasý, Mercator’ýn alternatifi Peters projeksiyonunun adaleti nasýl saðlayacaðýnýn da sorgulanmasý gerektiðini düþünüyor.
"Biz biraz daha eleþtirel olalým ve þunu da söyleyelim: Monmonier’in bakýþý yine de bir miktar “geliþmiþlik gözlüðündan bakmak” olarak deðerlendirilebilir; çünkü geliþmiþ ülkelerde sýradan vatandaþlarýn haritalarý pek taktýðý söylenemez; ama azgeliþmiþ ülkelerde bu olabilir. Her þeyden önce endüstri devrimini gerçekleþtirmiþ Avrupa ülkelerinin karþýsýnda hâlâ tarým toplumu olarak adlandýrabileceðimiz toplumlar vardý ve bu toplumlarýn “toprak miktarýný” önemli bir parametre olarak algýlama durumlarý olduðunu gözden kaçýrmayalým. Ayrýca haritalar azgeliþmiþlik içerisinde kendilerine çok daha derin anlamlar bulabilirler: Sözgelimi Türkiye’de bizler Afrika ülkelerini “sýnýrlarý cetvelle çizilmiþ” þeklinde telaffuz ettiðimiz bir metaforla aþaðýlama eðiliminde bir sosyal öðrenmeye maruz kalýyoruz. Bunun da açýlýmý söyledir: Afrika ülkeleri sýnýrlarýný savaþarak kazanmamýþlardýr ve sömürge ülkeleri masa baþýnda belirlemiþtir. Bu yüzden de cetvelle çizilmiþ þekilde düzdürler."
"Peters, ekvatora yakýn olan azgeliþmiþ ülkelerin kutuplara daha yakýn olan geliþmiþ ülkelere nispetle küçük görünmesinden rahatsýzdý ve bu durumun ülkelerin algýlanan önemlerini geliþmiþ ülkeler lehine bozduðunu düþünüyordu. Bu yüzden kendi haritasýný “yeni bir icat” olarak sundu; zira kendisinden önce baþta Gall’un olmak üzere pek çok haritabilimcinin alternatif önerdiðini, bu alternatiflerin hiçbirisinin geçerlilik kazanamadýðýný bilmiyordu. Yine de 60’lar ve 70’ler sosyal adalet konusunun akademik camiada popüler olduðu yýllardý; ve Peters’ýn kampanyasý daha önce getirmediði kadar ses getirdi. Belki Dünya’da Mercator projesinden vazgeçilmedi ama en azýndan Peters’ýn baþlattýðý tartýþmalar, uzun yýllar süren mücadelesi sonunda Amerikan Haritacýlarý Derneði’nin halký projeksiyonlar ve bu projeksiyonlarda kullanýlan eðim ve bükümler hakkýnda eðiten kitapçýklar yayýnlamasýný saðladý. 1989 ve 1990 yýllarýnda yedi Amerikalý coðrafya örgütü Mercator ve Peters dahil, “dikdörtgen dünya haritasý” kullanýmýný tedavülden kaldýrdýlar."
Haritanýn azgeliþmiþ ülkeler üzerinde geliþmiþ ülkeleri algýlayýþ biçimleri açýsýndan bir etkisi olup olmadýðý tartýþmalý olsa da günümüzde Peters projeksiyonunun gerçek alanlarý yansýtmakta çok çok daha baþarýlý olmasýna karþýn inatla kullanýlmadýðý, Mercator projeksiyonun kanýksandýðý, üstelik ilkokullarda bu manipülasyonun anlatýlmadýðý bariz gerçektir. Hepimiz kendi geçmiþimize dönüp bir bakabiliriz: Bu gerçeði bu yazýyla birlikte öðrenenlerimiz var deðil mi? Dünya’yý ve hayatý öðrenmeye baþladýðýmýz ilkokul sýralarýnda ve hatta ortaokul ve lise sýralarýnda dahi bize gerçeðin ne olduðundan pek bahsetmediler.
Barýþ ve savaþ arasýndaki salýnýmlar, ekonomik patlama ve çöküþ, siyasi sol ve siyasi saðýn iktidarda olmasý, imparatorluklarýn birleþmesi ve daðýlmasý, vb — tipik olarak insanlar olaylarý denge seviyelerini aþan uç noktalara ittikleri için meydana gelir, bu da ters yönde aþýrýya kaçan salýnýmlara yol açar.
Üretkenlik, yani öðrenme, inþa etme ve buluþçuluðun yönlendirdiði kiþi baþýna çýktý, zaman içinde istikrarlý bir þekilde artmýþtýr. Bununla birlikte, farklý insanlar için farklý oranlarda yükselmiþ olsa da, her zaman ayný nedenlerle — insanlarýn eðitim kalitesi, buluþçuluðu, iþ ahlaký ve fikirleri çýktýya dönüþtüren ekonomik sistemler nedeniyle — yükselmiþtir.
Bu tür evrimsel geliþmeleri hemen hemen her þeyde görüyoruz — daha uzun yaþam beklentisi, daha iyi ürünler, iþleri yapmanýn daha iyi yollarý vb. Geliþme biçimimiz bile yaratma ve yenilik yapmanýn daha iyi yollarýný bulma þeklinde evrimleþmiþtir. Bu durum, insanlýk tarihi yazýldýðý sürece geçerli olmuþtur. Bunun bir sonucu olarak, çoðu þeyin grafikleri yukarý ve aþaðý hareketlerden ziyade geliþime doðru daha fazla yukarý eðim gösterir.
Kapitalizmin, giriþimciliðin ve Sanayi Devrimi’nin icadýyla gelen üretkenlikteki daha geniþ tabanlý geliþmeler, serveti ve gücü, toprak sahipliðinin temel güç kaynaðý olduðu ve hükümdarlarýn, soylularýn ve din adamlarýnýn bu gücü ellerinde tutmak için birlikte çalýþtýðý tarýma dayalý bir ekonomiden uzaklaþtýrdý.
Etrafýnda büyük döngüler olan bu evrimin nasýl gerçekleþtiði de geliþmeye devam ediyor. Örneðin, çaðlar önce tarým arazileri ve tarýmsal üretim en deðerli þeyken ve bu durum makinelere ve ürettiklerinin en deðerli þey olmasýna evrilmiþken, görünürde fiziksel bir varlýðý olmayan dijital þeyler (veri ve bilgi iþleme) þimdi en deðerli þey olmaya doðru evrilmektedir.[1] Bu durum, veriyi kimin elde edeceði ve bunu zenginlik ve güç kazanmak için nasýl kullanacaðý konusunda bir mücadele yaratmaktadýr.
Görebileceðiniz þey, etrafýnda büyük döngülerle ilerleyen evrimdir. Zaman boyunca baþarýnýn formülü, birbirleriyle medeni bir þekilde çalýþan iyi eðitimli insanlarýn yenilikler bulduðu, sermaye piyasalarý aracýlýðýyla finansman saðladýðý ve yeniliklerinin kaynaklarýn üretimine ve tahsisine dönüþmesini saðlayan araçlara sahip olduðu ve kar elde ederek ödüllendirildiði bir sistem olmuþtur.
Büyük tasarruflara, düþük borçlara ve güçlü bir rezerv para birimine sahip ülkeler, fazla tasarrufu olmayan, çok fazla borcu olan ve güçlü bir rezerv para birimine sahip olmayan ülkelere göre ekonomik ve kredi çöküþlerine daha iyi dayanabilir. Ayný þekilde güçlü ve yetenekli liderliðe ve sivil nüfusa sahip olanlar, bunlara sahip olmayanlardan daha iyi yönetilebilir ve daha yaratýcý olanlar, daha az yaratýcý olanlardan daha iyi uyum saðlayacaktýr. Daha sonra göreceðiniz gibi, bu faktörler ölçülebilir, zamansýz ve evrensel gerçeklerdir.
Savaþýn sonunda kiþi baþýna düþen küresel GSYH yaklaþýk yüzde 12 oranýnda düþmüþtü ve bunun büyük bir kýsmý savaþý kaybeden ülkelerin ekonomilerindeki düþüþlerden kaynaklanýyordu. Bu yýllarýn temsil ettiði stres testi pek çok þeyi silip süpürdü, kazananlarýn ve kaybedenlerin kim olduðunu netleþtirdi ve 1945'te yeni bir baþlangýca ve yeni bir dünya düzenine yol açtý. Klasik olarak bunu uzun bir barýþ ve refah dönemi takip etti ve bu dönem aþýrý geniþledi, öyle ki tüm ülkeler 75 yýl sonra yeniden stres testine tabi tutuluyor.
1930'larýn ABD örneðinde, borsa ve ekonomi, yeni seçilen baþkan Franklin D. Roosevelt’in, hükümetin insanlarýn paralarýný altýn karþýlýðýnda teslim etmelerine izin verme sözünü tutmayacaðýný ve hükümetin insanlarýn paralarýný bankalardan çekebilmeleri ve diðerlerinin de bir þeyler satýn almak ve yatýrým yapmak için para ve kredi alabilmeleri için yeterli para ve kredi yaratacaðýný açýkladýðý gün dibe vurdu.
"1907–19 dönemi ABD’de 1907 Paniði ile baþlamýþ ve týpký Kükreyen 20'li yýllarý takip eden 1929–32 para ve kredi krizi gibi, bir patlama döneminin (ABD’de Yaldýzlý Çað, kýta Avrupa’sýnda Belle Époque ve Büyük Britanya’da Viktorya Dönemi ile ayný zamana denk geliyordu) borçla finanse edilen bir balona dönüþmesi sonucunda ekonomik ve piyasa düþüþlerine yol açmýþtý. Bu düþüþler ayný zamanda büyük servet farklarýnýn olduðu, büyük servet yeniden daðýtýmlarýna yol açan ve bir dünya savaþýna katkýda bulunan bir dönemde gerçekleþti. Servetin yeniden daðýtýmý, 1930–45 döneminde olduðu gibi, vergilerde ve hükümet harcamalarýnda büyük artýþlar, büyük açýklar ve açýklarý parasallaþtýran para politikalarýnda büyük deðiþiklikler yoluyla gerçekleþti. Ardýndan Ýspanyol gribi stres testini ve bunun sonucunda ortaya çýkan yeniden yapýlandýrma sürecini yoðunlaþtýrdý. Bu stres testi ve küresel ekonomik ve jeopolitik yeniden yapýlanma, 1919'da Versay Antlaþmasý’nda ifade edilen yeni bir dünya düzenine yol açtý. Bu da 1920'lerin borçla finanse edilen patlamasýný baþlatmýþ, bu da 1930–45 dönemine ve ayný þeylerin tekrar yaþanmasýna yol açmýþtýr. Bu yýkým/yeniden inþa dönemleri zayýflarý yýkýma uðrattý, güçlülerin kim olduðunu netleþtirdi ve iþlerin yapýlmasýna yönelik devrim niteliðinde yeni yaklaþýmlar (yani yeni düzenler) oluþturdu; bu da sonunda büyük servet uçurumlarýna sahip borç balonlarý olarak aþýrý geniþleyen refah dönemlerine zemin hazýrladý ve yeni stres testleri ve yýkým/yeniden inþa dönemleri (yani savaþlar) üreten borç baskýnlarýna yol açtý; bu da yeni düzenlere ve sonunda güçlülerin zayýflara göre yeniden kazanmasýna ve bu þekilde devam etmesine yol açtý."
Ülkeler arasýnda meydana gelen zenginlik ve güç deðiþimlerini göstermiyor. Bunlarýn nasýl gerçekleþtiðini anlamak için büyük resmin temelleriyle baþlayalým. Tarih boyunca çeþitli insan gruplarý (örneðin kabileler, krallýklar, ülkeler, vs.) zenginlik ve gücü kendileri inþa ederek, baþkalarýndan alarak ya da toprakta bularak elde etmiþlerdir.
Ülke en büyük ticaret imparatorluðu haline gelmek için uluslararasý iliþkilerini geniþlettikçe, iþlemleri kendi para biriminde ödenebilir ve dünyanýn dört bir yanýndaki insanlar bu para biriminde tasarruf etmek ister, böylece dünyanýn önde gelen rezerv para birimi haline gelir, bu da ülkenin diðer ülkelerden daha fazla ve daha düþük oranlarda borç almasýný saðlar, çünkü diðerleri bu para biriminde borç vermek ister.
Ülke en büyük ticaret imparatorluðu haline gelmek için uluslararasý iliþkilerini geniþlettikçe, iþlemleri kendi para biriminde ödenebilir ve dünyanýn dört bir yanýndaki insanlar bu para biriminde tasarruf etmek ister, böylece dünyanýn önde gelen rezerv para birimi haline gelir, bu da ülkenin diðer ülkelerden daha fazla ve daha düþük oranlarda borç almasýný saðlar, çünkü diðerleri bu para biriminde borç vermek ister. Karþýlýklý olarak birbirini destekleyen finansal, siyasi ve askeri güçlere yol açan bu neden/sonuç iliþkileri dizisi, kayýtlý tarih var olduðu sürece birlikte devam etmiþtir. Dünyanýn en güçlüsü haline gelen tüm imparatorluklar zirveye ulaþmak için bu yolu izlemiþtir.
"Daha zengin ülkeler, daha fazla tasarruf eden daha yoksul ülkelerden borç alarak borçlanýrlar; bu, servet ve güç kaymasýnýn ilk iþaretlerinden biridir. Bu durum 1980'lerde ABD’de, kiþi baþýna düþen gelirin Çin’in 40 katý olduðu ve dolar dünyanýn rezerv para birimi olduðu için dolarla tasarruf etmek isteyen Çinlilerden borç almaya baþladýðý zaman baþladý. Eðer imparatorluk yeni borç verenleri tüketmeye baþlarsa, para birimini elinde tutanlar satýn almak, tasarruf etmek, borç vermek ve girmek yerine satmaya ve çýkmaya bakmaya baþlarlar ve imparatorluðun gücü düþmeye baþlar."
Mevcut büyük güce ve mevcut dünya düzenine meydan okuyabilecek yükselen bir büyük güç olduðunda, özellikle de mevcut büyük güç içinde iç çatýþma yaþanýyorsa, büyük bir uluslararasý çatýþma riski artar. Tipik olarak yükselen uluslararasý rakip bu iç zayýflýktan faydalanmaya çalýþacaktýr. Bu durum özellikle de yükselen uluslararasý güç benzer bir ordu kurmuþsa risklidir.
