Topic,Text
Daily Life,"Her sabah erken kalkarak güne başlamayı tercih ederim."
Daily Life,"Kahve içmek, günün başlangıcını daha keyifli hale getiriyor."
Daily Life,"Alışveriş yapmak bazen stresli olabilir, ancak bazıları için rahatlatıcı bir aktivitedir."
Daily Life,"Hafta sonları arkadaşlarımla dışarı çıkmak en sevdiğim şeylerden biri."
Daily Life,"Yemek pişirmek, yaratıcı bir hobi olabilir."
Daily Life,"Ev işleri yapmak, düzenli bir yaşam sürdürmenin önemli bir parçasıdır."
Daily Life,"Günlük rutinler, yaşam kalitesini artırabilir."
Daily Life,"Kendi bahçemi yetiştirmek, doğa ile bağlantı kurmama yardımcı oluyor."
Technology,"Yapay zeka, birçok endüstride devrim yaratıyor."
Technology,"Veri analitiği, iş dünyasında karar verme süreçlerini iyileştirir."
Technology,"Gelişmiş teknolojiler, günlük yaşamımızı kolaylaştırıyor."
Technology,"Blockchain teknolojisi, güvenliği artıran yenilikçi bir çözümdür."
Technology,"Sanal gerçeklik, eğitim ve eğlence sektörlerinde büyük değişiklikler yaratıyor."
Technology,"Akıllı telefonlar, iletişimi ve bilgiye erişimi kolaylaştırır."
Technology,"Nesnelerin interneti, evleri daha akıllı hale getiriyor."
Technology,"Kuantum bilgisayarlar, hesaplama kapasitelerini önemli ölçüde artırabilir."
Culture,"Türk mutfağı, zengin çeşitliliği ve lezzetleriyle ünlüdür."
Culture,"Türk halk müziği, köklü bir kültürel mirasa sahiptir."
Culture,"İstanbul, tarihi ve kültürel zenginlikleriyle dikkat çeker."
Culture,"Türk gelenekleri, çok çeşitli festivaller ve kutlamalar içerir."
Culture,"El sanatları, Türk kültürünün önemli bir parçasıdır."
Culture,"Türk sineması, uluslararası alanda büyük beğeni toplamaktadır."
Culture,"Türk edebiyatı, birçok ünlü yazar ve şairi içerir."
Culture,"Türk mürekkep sanatları, geleneksel estetik anlayışın bir yansımasıdır."
Education,"İyi bir eğitim, bireylerin hayatında önemli bir rol oynar."
Education,"Online eğitim, öğrenme fırsatlarını genişletir."
Education,"Ders çalışırken düzenli aralar vermek, verimliliği artırabilir."
Education,"Yüksek lisans programları, uzmanlaşma ve derinlemesine bilgi edinme fırsatları sunar."
Education,"Öğrenme stilleri kişiden kişiye farklılık gösterebilir."
Education,"Eğitim, kişisel ve profesyonel gelişimi destekler."
Education,"Kişisel gelişim seminerleri, beceri ve bilgi artırmada etkili olabilir."
Education,"Eğitim teknolojileri, öğretim yöntemlerini dönüştürüyor."
Travel,"Kapadokya'nın benzersiz peri bacaları her yıl binlerce turist çekiyor."
Travel,"Bodrum, güzel plajları ve hareketli gece hayatıyla ünlüdür."
Travel,"Antalya, tarihi kalıntıları ve doğal güzellikleriyle popüler bir tatil beldesidir."
Travel,"Pamukkale'nin sıcak su kaynakları, sağlık turizmi açısından önemlidir."
Travel,"Çeşme, ünlü plajları ve eğlence mekanları ile bilinir."
Travel,"Trabzon, doğal güzellikleri ve tarihi yapılarıyla dikkat çeker."
Travel,"Fethiye, muhteşem koyları ve deniz aktiviteleriyle ünlüdür."
Travel,"Mardin, tarihi taş evleri ve kültürel zenginlikleriyle tanınır."
Health,"Dengeli bir beslenme ve düzenli egzersiz, sağlıklı bir yaşam için gereklidir."
Health,"Stres yönetimi, genel sağlığı korumada önemli bir faktördür."
Health,"Yeterli uyku, zihinsel ve fiziksel sağlığı destekler."
Health,"Düzenli sağlık kontrolleri, erken teşhis ve tedavi için önemlidir."
Health,"Su tüketimi, vücut sağlığı için kritik bir unsurdur."
Health,"Meditasyon ve yoga, zihinsel sağlığı iyileştirebilir."
Health,"Sigara içmemenin sağlık üzerindeki olumlu etkileri büyüktür."
Health,"Sağlıklı yaşam alışkanlıkları, yaşam süresini uzatabilir."
Finance,"Kripto paraların volatilitesi, yatırımcılar için büyük riskler oluşturabilir."
Finance,"Tasarruf yaparken bütçe planlaması yapmak önemlidir."
Finance,"Hisse senedi yatırımları uzun vadede büyük kazançlar sağlayabilir."
Finance,"Emeklilik planlaması, mali güvenliği sağlamak için kritik bir adımdır."
Finance,"Sigorta, beklenmedik mali risklere karşı koruma sağlar."
Finance,"Kredi kartı kullanımı, dikkatli yönetilmediğinde borçlanmaya neden olabilir."
Finance,"Yatırım çeşitlendirmesi, riskleri azaltabilir."
Finance,"Kişisel finans yönetimi, mali hedeflere ulaşmada yardımcı olur."
Environment,"Geri dönüşüm, doğal kaynakları korumanın etkili bir yoludur."
Environment,"Karbonsuz enerji kaynaklarına geçiş, iklim değişikliğiyle mücadelede kritik öneme sahiptir."
Environment,"Doğal yaşam alanlarını korumak, biyolojik çeşitliliği destekler."
Environment,"Ağaç dikme kampanyaları, çevresel faydalar sağlar ve karbon ayak izini azaltır."
Environment,"Atık yönetimi, çevre kirliliğini azaltmada önemli bir rol oynar."
Environment,"Sürdürülebilir tarım uygulamaları, ekosistem dengelerini korur."
Environment,"Yeşil binalar, enerji verimliliği sağlar ve çevreyi korur."
Environment,"Plastik kullanımını azaltmak, deniz kirliliğini azaltabilir."
Science,"Bilimsel araştırmalar, insanlığın ilerlemesine katkıda bulunur."
Science,"Genetik mühendislik, hastalıkların tedavisinde büyük umut vaat ediyor."
Science,"Uzay araştırmaları, evrenin sırlarını anlamamıza yardımcı olur."
Science,"Nanoteknoloji, malzemelerin ve cihazların daha küçük ve daha etkili hale gelmesini sağlar."
Science,"Biyomühendislik, tıp ve tarım alanlarında devrim yaratmaktadır."
Science,"İklim bilimi, iklim değişikliğinin etkilerini anlamamıza yardımcı olur."
Science,"Fiziksel bilimler, evrenin temel yasalarını keşfetmeye çalışır."
Science,"Kimya, maddelerin yapısını ve tepkimelerini inceler."
Sports,"Futbol, Türkiye'de en popüler spor dallarından biridir."
Sports,"Yüzme, hem çocuklar hem de yetişkinler için harika bir egzersiz seçeneğidir."
Sports,"Basketbol maçları, birçok kişi için eğlenceli ve heyecan verici etkinliklerdir."
Sports,"Voleybol, takım çalışmasını teşvik eden bir spor dalıdır."
Sports,"Koşu, kardiyovasküler sağlığı geliştiren basit bir egzersizdir."
Sports,"Jimnastik, esneklik ve kuvvet geliştiren bir spor branşıdır."
Sports,"Tenis, hem rekabetçi hem de eğlenceli bir spor olarak bilinir."
Sports,"Golf, dikkat ve strateji gerektiren bir açık hava sporudur."
Art,"Türk sanat tarihi, birçok farklı akım ve teknik içerir."
Art,"Resim yapmak, kendini ifade etmenin yaratıcı bir yoludur."
Art,"Müzik, duyguları ifade etmenin güçlü bir aracıdır."
Art,"Heykeltraşlık, üç boyutlu sanat eserleri yaratmayı içerir."
Art,"Edebiyat, insan deneyimlerini ve duygularını keşfetmenin bir yoludur."
Art,"Fotoğrafçılık, anları yakalamanın ve belgelenmesinin sanatıdır."
Art,"Seramik, estetik ve fonksiyonel objeler yaratmada kullanılan bir tekniktir."
Art,"Tiyatro, dramatik sanatların sahne üzerinde ifadesidir."
History,"Osmanlı İmparatorluğu'nun tarihi, birçok önemli olayla doludur."
History,"Cumhuriyet'in ilanı, Türkiye'nin modernleşme sürecinde önemli bir dönüm noktasıdır."
History,"Tarih, geçmişteki olayları anlamamıza yardımcı olur."
History,"Antik Yunan ve Roma medeniyetleri, batı tarihinin temellerini atmıştır."
History,"Medeniyetlerin gelişimi, toplumların kültürel ve teknolojik ilerlemeleriyle şekillenmiştir."
History,"Tarihsel araştırmalar, toplumsal değişimleri ve olayları analiz eder."
History,"Orta Çağ, Avrupa tarihinde önemli sosyal ve kültürel değişimlerin yaşandığı bir dönemdir."
Food,"Türk kahvesi, geleneksel bir içecek olarak dünya çapında tanınır."
Food,"Börek, hamur işlerinin en sevilen örneklerinden biridir."
Food,"Döner kebap, özellikle yurt dışında oldukça popüler bir yemektir."
Food,"Lahmacun, ince hamur üzerine konan baharatlı et ile yapılan bir Türk yemeğidir."
Food,"Kısır, bulgur ve baharatlarla yapılan soğuk bir mezedir."
Food,"Pide, çeşitli malzemelerle hazırlanan bir tür açık ekmektir."
Food,"Zeytinyağlılar, Türk mutfağında sağlıklı ve hafif yemekler sunar."
Food,"Manti, küçük hamur parçalarının iç harçla doldurulduğu geleneksel bir yemektir."
Language,"Türkçe, zengin bir dil yapısına ve geniş bir kelime dağarcığına sahiptir."
Language,"Dil öğrenmek, kültürel anlayışı artırabilir ve iletişimi kolaylaştırabilir."
Language,"Her dilin kendine özgü bir gramer yapısı ve sözcük dağarcığı vardır."
Language,"Dil bilgisi kuralları, doğru ve etkili iletişim için gereklidir."
Language,"Sözlü ve yazılı dil becerileri, akademik ve profesyonel başarıda önemli rol oynar."
Language,"Çeviri, dil bariyerlerini aşarak uluslararası iletişimi mümkün kılar."
Language,"Dil öğrenme süreci, kişisel gelişimi destekler ve zihinsel esnekliği artırır."
Language,"Yerel ağızlar, dilin bölgesel çeşitliliğini gösterir."
